{"epoch_losses": [2.383250728546801, 2.3554328586704423, 2.3457204084713728, 2.331635399255945, 2.322253520406197, 2.312747755844966, 2.3021051535667265, 2.293688864112217, 2.2795157051330555, 2.2618664478945307], "elapsed_seconds": 337.59130787849426}